"Index","Open","High","Low","Close","Volume"
2072-09-03,4.78,4.805,4.755,4.798,9677
2072-09-04,4.795,4.84,4.73,4.735,13408
2072-09-05,4.74,4.78,4.74,4.765,6094
2072-09-06,4.77,4.79,4.765,4.785,3695
2072-09-07,4.785,4.795,4.74,4.745,3765
2072-09-08,4.745,4.775,4.745,4.763,4532
2072-09-09,4.77,4.78,4.735,4.765,7439
2072-09-10,4.765,4.77,4.715,4.723,7969
2072-09-11,4.72,4.725,4.68,4.688,6386
2072-09-12,4.69,4.7,4.67,4.695,6602
2072-09-13,4.695,4.705,4.665,4.688,6220
2072-09-14,4.675,4.685,4.655,4.658,7306
2072-09-15,4.66,4.68,4.65,4.655,5186
2072-09-16,4.655,4.68,4.625,4.63,10692
2072-09-17,4.63,4.645,4.62,4.628,10692
2072-09-18,4.635,4.7,4.62,4.698,25187
2072-09-19,4.695,4.72,4.69,4.698,15107
2072-09-20,4.775,4.785,4.69,4.7,29224
2072-09-21,4.69,4.76,4.69,4.758,10434
2072-09-22,4.76,4.775,4.71,4.723,4658
2072-09-23,4.725,4.825,4.72,4.795,10788
2072-09-24,4.8,4.81,4.765,4.783,4097
2072-09-25,4.78,4.84,4.78,4.833,8567
2072-09-26,4.835,4.84,4.785,4.803,6358
2072-09-27,4.8,4.81,4.71,4.725,7347
2072-09-28,4.735,4.74,4.715,4.733,4743
2072-09-29,4.73,4.78,4.725,4.735,6094
2072-09-30,4.65,4.66,4.62,4.653,4574
2072-10-01,4.65,4.71,4.645,4.663,6550
2072-10-02,4.665,4.675,4.635,4.663,3046
2072-10-03,4.655,4.685,4.65,4.675,2046
2072-10-04,4.685,4.7,4.63,4.647,4311
2072-10-05,4.645,4.65,4.62,4.637,2867
2072-10-06,4.635,4.65,4.605,4.635,3620
2072-10-07,4.595,4.605,4.535,4.54,8952
2072-10-08,4.54,4.585,4.54,4.58,7272
2072-10-09,4.58,4.615,4.56,4.6,5764
2072-10-10,4.6,4.61,4.58,4.59,3301
2072-10-11,4.6,4.6,4.565,4.59,3480
2072-10-12,4.595,4.595,4.555,4.575,3373
2072-10-13,4.585,4.605,4.56,4.593,4336
2072-10-14,4.6,4.675,4.59,4.655,8124
2072-10-15,4.645,4.72,4.64,4.71,12025
2072-10-16,4.71,4.8,4.69,4.743,18012
2072-10-17,4.74,4.835,4.72,4.825,16158
2072-10-18,4.83,4.88,4.775,4.78,13962
2072-10-19,4.78,4.835,4.74,4.805,8572
2072-10-20,4.81,4.835,4.79,4.805,5558
2072-10-21,4.805,4.81,4.765,4.793,4172
2072-10-22,4.795,4.86,4.76,4.81,8487
2072-10-23,4.805,4.85,4.78,4.825,5784
2072-10-24,4.82,4.835,4.795,4.823,3034
2072-10-25,4.81,4.865,4.81,4.82,7385
2072-10-26,4.82,4.83,4.795,4.815,4501
2072-10-27,4.82,4.825,4.765,4.81,6205
2072-10-28,4.8,4.81,4.77,4.788,4244
2072-10-29,4.77,4.775,4.695,4.698,11964
2072-10-30,4.7,4.7,4.65,4.67,7409
2072-10-31,4.665,4.685,4.615,4.625,11702
2072-11-01,4.625,4.64,4.565,4.57,16749
2072-11-02,4.57,4.585,4.53,4.563,18244
2072-11-03,4.56,4.59,4.535,4.56,17241
2072-11-04,4.56,4.58,4.545,4.55,13756
2072-11-05,4.555,4.565,4.505,4.515,8225
2072-11-06,4.525,4.53,4.48,4.49,8542
2072-11-07,4.49,4.505,4.41,4.42,10306
2072-11-08,4.41,4.44,4.395,4.408,8908
2072-11-09,4.41,4.44,4.405,4.415,6890
2072-11-10,4.415,4.455,4.37,4.433,19598
2072-11-11,4.435,4.46,4.42,4.445,10782
2072-11-12,4.5,4.52,4.46,4.463,12592
2072-11-13,4.465,4.58,4.445,4.515,14252
2072-11-14,4.52,4.555,4.425,4.435,11667
2072-11-15,4.43,4.485,4.43,4.458,6523
2072-11-16,4.43,4.48,4.425,4.455,3151
2072-11-17,4.45,4.47,4.415,4.445,4338
2072-11-18,4.455,4.49,4.425,4.465,4554
2072-11-19,4.465,4.535,4.45,4.51,10074
2072-11-20,4.52,4.55,4.495,4.522,5536
2072-11-21,4.54,4.55,4.42,4.44,7890
2072-11-22,4.445,4.46,4.4,4.45,7092
2072-11-23,4.335,4.365,4.32,4.353,3648
2072-11-24,4.3,4.32,4.27,4.315,4967
2072-11-25,4.32,4.365,4.295,4.313,5331
2072-11-26,4.32,4.37,4.295,4.34,5810
2072-11-27,4.34,4.36,4.33,4.353,4395
2072-11-28,4.36,4.37,4.32,4.335,6130
2072-11-29,4.34,4.355,4.305,4.315,3127
2072-11-30,4.32,4.34,4.3,4.325,3760
2072-12-01,4.315,4.39,4.305,4.363,8517
2072-12-02,4.37,4.385,4.35,4.368,4314
2072-12-03,4.375,4.46,4.365,4.44,9933
2072-12-04,4.44,4.44,4.36,4.368,7185
2072-12-05,4.37,4.385,4.32,4.365,10080
2072-12-06,4.37,4.445,4.355,4.427,9873
2072-12-07,4.435,4.475,4.405,4.44,10671
2072-12-08,4.44,4.45,4.395,4.44,8372
2072-12-09,4.44,4.485,4.43,4.453,9747
2072-12-10,4.45,4.465,4.35,4.365,19335
2072-12-11,4.37,4.42,4.365,4.377,10480
2072-12-12,4.415,4.44,4.395,4.4,13454
2072-12-13,4.4,4.41,4.35,4.358,7065
2072-12-14,4.365,4.395,4.35,4.385,5412
2072-12-15,4.39,4.425,4.37,4.395,3894
2072-12-16,4.395,4.415,4.36,4.365,4784
2072-12-17,4.37,4.38,4.325,4.36,7467
2072-12-18,4.355,4.36,4.325,4.327,3953
2072-12-19,4.33,4.345,4.32,4.335,3439
2072-12-20,4.34,4.425,4.33,4.415,8969
2072-12-21,4.395,4.42,4.325,4.35,9200
2072-12-22,4.35,4.365,4.335,4.337,3012
2072-12-23,4.355,4.36,4.315,4.32,5545
2072-12-24,4.33,4.475,4.33,4.463,16711
2072-12-25,4.46,4.51,4.4,4.495,14580
2072-12-26,4.49,4.625,4.45,4.577,20286
2072-12-27,4.585,4.655,4.525,4.55,13880
2072-12-28,4.55,4.58,4.525,4.568,7415
2072-12-29,4.575,4.605,4.515,4.58,8529
2072-12-30,4.58,4.69,4.555,4.62,15263
2072-12-31,4.61,4.62,4.555,4.583,5394
2073-01-01,4.575,4.575,4.52,4.54,5372
2073-01-02,4.55,4.55,4.43,4.445,11706
2073-01-03,4.455,4.475,4.4,4.41,8170
2073-01-04,4.41,4.45,4.385,4.423,6531
2073-01-05,4.42,4.445,4.325,4.335,14455
2073-01-06,4.335,4.375,4.33,4.343,7506
2073-01-07,4.35,4.375,4.33,4.34,6685
2073-01-08,4.35,4.35,4.325,4.335,6194
2073-01-09,4.34,4.385,4.31,4.37,9599
2073-01-10,4.37,4.38,4.32,4.338,5403
2073-01-11,4.335,4.38,4.33,4.375,7758
2073-01-12,4.42,4.435,4.395,4.4,3507
2073-01-13,4.405,4.41,4.33,4.345,13459
2073-01-14,4.345,4.36,4.28,4.323,4463
2073-01-15,4.32,4.345,4.3,4.303,4321
2073-01-16,4.32,4.325,4.29,4.298,9701
2073-01-17,4.295,4.355,4.29,4.348,19425
2073-01-18,4.35,4.35,4.295,4.305,12381
2073-01-19,4.35,4.36,4.315,4.332,14332
2073-01-20,4.325,4.36,4.32,4.327,5141
2073-01-21,4.33,4.34,4.28,4.31,6731
2073-01-22,4.31,4.32,4.265,4.278,5756
2073-01-23,4.28,4.28,4.23,4.238,5652
2073-01-24,4.23,4.27,4.2,4.265,5652
2073-01-25,4.265,4.285,4.23,4.243,4674
2073-01-26,4.24,4.28,4.235,4.263,3269
2073-01-27,4.265,4.285,4.24,4.26,6159
2073-01-28,4.27,4.28,4.24,4.268,3220
2073-01-29,4.27,4.315,4.25,4.308,7022
2073-01-30,4.3,4.315,4.2,4.21,8644
2073-01-31,4.21,4.25,4.205,4.248,3081
2073-02-01,4.25,4.29,4.225,4.26,3934
2073-02-02,4.25,4.27,4.235,4.26,1835
2073-02-03,4.255,4.26,4.225,4.232,1703
2073-02-04,4.235,4.275,4.225,4.24,3720
2073-02-05,4.235,4.245,4.215,4.218,2562
2073-02-06,4.215,4.24,4.2,4.208,2870
2073-02-07,4.205,4.235,4.2,4.228,3371
2073-02-08,4.23,4.245,4.225,4.233,2749
2073-02-09,4.24,4.255,4.23,4.235,3626
2073-02-10,4.24,4.24,4.21,4.228,2821
2073-02-11,4.23,4.23,4.19,4.192,3316
2073-02-12,4.195,4.2,4.115,4.172,7300
2073-02-13,4.18,4.18,4.125,4.152,4042
2073-02-14,4.145,4.24,4.14,4.217,8511
2073-02-15,4.215,4.24,4.11,4.145,10159
2073-02-16,4.15,4.18,4.125,4.147,4808
2073-02-17,4.145,4.23,4.135,4.202,7714
2073-02-18,4.2,4.245,4.125,4.155,9040
2073-02-19,4.16,4.23,4.155,4.198,6095
2073-02-20,4.26,4.265,4.15,4.153,9025
2073-02-21,4.15,4.235,4.145,4.193,9683
2073-02-22,4.21,4.23,4.19,4.208,4786
2073-02-23,4.2,4.235,4.195,4.22,6743
2073-02-24,4.215,4.22,4.17,4.185,9918
2073-02-25,4.18,4.205,4.16,4.197,8596
2073-02-26,4.19,4.205,4.18,4.183,14798
2073-02-27,4.18,4.2,4.18,4.185,10190
2073-02-28,4.225,4.235,4.19,4.203,14229
2073-03-01,4.2,4.225,4.19,4.21,4350
2073-03-02,4.2,4.21,4.18,4.187,3140
2073-03-03,4.19,4.205,4.185,4.193,1624
2073-03-04,4.2,4.21,4.18,4.188,1275
2073-03-05,4.19,4.21,4.18,4.183,3021
2073-03-06,4.18,4.2,4.175,4.193,2100
2073-03-07,4.4,4.48,4.365,4.473,13696
2073-03-08,4.47,4.76,4.45,4.745,29575
2073-03-09,4.71,4.71,4.465,4.535,19546
2073-03-10,4.54,4.65,4.54,4.617,14400
2073-03-11,4.625,4.63,4.505,4.595,8036
2073-03-12,4.59,4.615,4.515,4.547,5487
2073-03-13,4.535,4.63,4.53,4.615,6904
2073-03-14,4.615,4.65,4.56,4.608,10697
2073-03-15,4.6,4.68,4.585,4.675,8538
2073-03-16,4.665,4.69,4.615,4.667,8019
2073-03-17,4.675,4.675,4.615,4.65,6606
2073-03-18,4.65,4.69,4.615,4.635,9721
2073-03-19,4.63,4.73,4.615,4.655,12317
2073-03-20,4.65,4.69,4.645,4.685,3745
2073-03-21,4.67,4.675,4.535,4.55,11363
2073-03-22,4.525,4.565,4.425,4.44,13041
2073-03-23,4.44,4.45,4.395,4.425,9736
2073-03-24,4.43,4.49,4.41,4.47,7212
2073-03-25,4.435,4.455,4.37,4.393,8053
2073-03-26,4.39,4.405,4.33,4.345,6943
2073-03-27,4.35,4.4,4.34,4.37,6382
2073-03-28,4.235,4.265,4.225,4.243,4721
2073-03-29,4.24,4.26,4.21,4.215,4731
2073-03-30,4.215,4.24,4.185,4.22,7768
2073-03-31,4.225,4.24,4.21,4.215,5699
2073-04-01,4.23,4.26,4.225,4.243,3506
2073-04-02,4.255,4.285,4.25,4.263,5031
2073-04-03,4.26,4.275,4.19,4.225,8360
2073-04-04,4.22,4.24,4.205,4.207,4390
2073-04-05,4.22,4.23,4.105,4.11,18143
2073-04-06,4.12,4.125,4.08,4.098,7021
2073-04-07,4.09,4.14,4.08,4.118,7017
2073-04-08,4.12,4.145,4.105,4.128,6591
2073-04-09,4.135,4.14,4.07,4.078,6444
2073-04-10,4.08,4.1,4.055,4.08,6187
2073-04-11,4.115,4.155,4.065,4.14,7833
2073-04-12,4.155,4.175,4.13,4.143,4978
2073-04-13,4.115,4.12,4.085,4.095,3811
2073-04-14,4.1,4.11,4.045,4.058,5854
2073-04-15,4.05,4.075,4.04,4.05,5581
2073-04-16,4.058,4.065,4.015,4.035,6731
2073-04-17,4.04,4.06,4.02,4.028,12445
2073-04-18,4.02,4.05,4.02,4.04,16630
2073-04-19,4.04,4.14,4.04,4.115,16317
2073-04-20,4.14,4.19,4.09,4.097,12700
2073-04-21,4.11,4.195,4.1,4.157,9311
2073-04-22,4.16,4.25,4.145,4.227,11452
2073-04-23,4.24,4.24,4.145,4.153,7493
2073-04-24,4.153,4.21,4.125,4.2,8518
2073-04-25,4.205,4.275,4.195,4.238,9212
2073-04-26,4.23,4.29,4.22,4.268,8208
2073-04-27,4.27,4.275,4.215,4.243,3894
2073-04-28,4.24,4.295,4.23,4.275,5485
2073-04-29,4.36,4.425,4.355,4.42,9227
2073-04-30,4.415,4.455,4.3,4.308,14396
2073-05-01,4.32,4.43,4.305,4.4,10146
2073-05-02,4.4,4.495,4.395,4.472,10146
2073-05-03,4.47,4.555,4.45,4.543,8608
2073-05-04,4.535,4.56,4.46,4.468,8791
2073-05-05,4.465,4.505,4.405,4.498,6430
2073-05-06,4.485,4.635,4.46,4.588,12777
2073-05-07,4.575,4.595,4.53,4.535,9762
2073-05-08,4.535,4.65,4.52,4.608,13014
2073-05-09,4.61,4.675,4.52,4.65,18839
2073-05-10,4.645,4.685,4.575,4.667,11080
2073-05-11,4.66,4.69,4.585,4.64,9903
2073-05-12,4.64,4.735,4.63,4.71,12368
2073-05-13,4.715,4.775,4.68,4.7,13729
2073-05-14,4.69,4.73,4.665,4.698,7817
2073-05-15,4.69,4.69,4.51,4.515,11789
2073-05-16,4.515,4.58,4.46,4.555,9936
2073-05-17,4.555,4.595,4.475,4.562,9009
2073-05-18,4.56,4.56,4.44,4.445,10546
2073-05-19,4.45,4.46,4.33,4.345,14702
2073-05-20,4.35,4.365,4.26,4.288,14272
2073-05-21,4.28,4.315,4.255,4.26,10204
2073-05-22,4.265,4.305,4.245,4.273,8772
2073-05-23,4.275,4.335,4.27,4.305,7070
2073-05-24,4.31,4.315,4.24,4.25,7630
2073-05-25,4.245,4.32,4.225,4.295,11368
2073-05-26,4.305,4.31,4.25,4.293,7705
2073-05-27,4.29,4.295,4.21,4.223,11680
2073-05-28,4.23,4.335,4.23,4.313,13421
2073-05-29,4.3,4.32,4.255,4.295,7212
2073-05-30,4.3,4.41,4.295,4.397,13718
2073-05-31,4.4,4.485,4.36,4.365,13065
2073-06-01,4.37,4.39,4.34,4.345,6482
2073-06-02,4.35,4.49,4.35,4.455,12882
2073-06-03,4.45,4.455,4.36,4.415,6661
2073-06-04,4.415,4.49,4.365,4.485,9327
2073-06-05,4.485,4.52,4.42,4.505,10446
2073-06-06,4.5,4.565,4.475,4.53,15090
2073-06-07,4.535,4.595,4.515,4.538,10330
2073-06-08,4.525,4.555,4.46,4.47,7954
2073-06-09,4.465,4.51,4.37,4.4,10533
2073-06-10,4.505,4.58,4.5,4.523,7333
2073-06-11,4.53,4.545,4.49,4.533,4816
2073-06-12,4.53,4.535,4.5,4.508,3432
2073-06-13,4.51,4.575,4.5,4.54,7562
2073-06-14,4.55,4.605,4.515,4.58,6369
2073-06-15,4.545,4.605,4.535,4.585,5032
2073-06-16,4.595,4.69,4.59,4.68,15363
2073-06-17,4.68,4.705,4.64,4.65,9634
2073-06-18,4.67,4.705,4.645,4.7,6128
2073-06-19,4.69,4.75,4.67,4.747,9197
2073-06-20,4.745,4.75,4.655,4.667,11087
2073-06-21,4.665,4.67,4.6,4.625,9223
2073-06-22,4.625,4.645,4.565,4.58,9344
2073-06-23,4.58,4.605,4.55,4.57,6218
2073-06-24,4.565,4.58,4.53,4.558,8094
2073-06-25,4.555,4.645,4.535,4.628,10974
2073-06-26,4.62,4.63,4.565,4.583,11012
2073-06-27,4.585,4.605,4.56,4.593,4273
2073-06-28,4.595,4.615,4.445,4.45,20446
2073-06-29,4.475,4.48,4.39,4.405,16709
2073-06-30,4.41,4.47,4.405,4.45,8464
2073-07-01,4.46,4.555,4.43,4.498,16385
2073-07-02,4.5,4.52,4.475,4.503,4315
2073-07-03,4.49,4.575,4.49,4.543,14690
2073-07-04,4.545,4.595,4.51,4.57,9750
2073-07-05,4.575,4.605,4.56,4.562,6572
2073-07-06,4.57,4.65,4.55,4.62,10736
2073-07-07,4.62,4.675,4.585,4.652,13379
2073-07-08,4.675,4.68,4.625,4.66,10554
2073-07-09,4.65,4.665,4.525,4.555,14713
2073-07-10,4.56,4.575,4.525,4.55,6459
2073-07-11,4.55,4.57,4.52,4.563,3730
2073-07-12,4.56,4.63,4.555,4.615,6479
2073-07-13,4.61,4.62,4.585,4.612,1848
2073-07-14,4.6,4.65,4.595,4.632,8914
2073-07-15,4.63,4.655,4.56,4.585,10208
2073-07-16,4.585,4.635,4.55,4.627,5227
2073-07-17,4.63,4.685,4.615,4.67,10157
2073-07-18,4.67,4.71,4.59,4.607,11360
2073-07-19,4.61,4.63,4.58,4.607,6157
2073-07-20,4.61,4.645,4.585,4.637,6416
2073-07-21,4.635,4.655,4.62,4.65,4807
2073-07-22,4.65,4.69,4.62,4.665,7404
2073-07-23,4.67,4.79,4.635,4.78,17628
2073-07-24,4.775,4.865,4.755,4.845,26624
2073-07-25,4.835,4.86,4.78,4.84,12213
2073-07-26,4.84,4.92,4.77,4.912,14065
2073-07-27,4.91,4.915,4.86,4.872,6052
2073-07-28,4.825,4.905,4.815,4.882,8238
2073-07-29,4.88,4.98,4.86,4.945,14202
2073-07-30,4.95,4.99,4.9,4.985,8914
2073-07-31,4.99,5.075,4.96,5.042,18883
2073-08-01,5.03,5.1,5.01,5.08,8429
2073-08-02,5.085,5.15,5.085,5.125,8414
2073-08-03,5.12,5.12,4.92,4.945,24031
2073-08-04,4.945,5.015,4.915,4.995,12043
2073-08-05,4.99,5.055,4.955,4.98,10169
2073-08-06,4.975,4.975,4.89,4.912,9209
2073-08-07,4.912,4.925,4.79,4.882,22357
2073-08-08,4.823,4.865,4.815,4.845,8694
2073-08-09,4.855,4.915,4.835,4.842,11630
2073-08-10,4.855,4.88,4.845,4.87,10912
2073-08-11,4.88,4.905,4.825,4.855,10791
2073-08-12,4.86,4.92,4.86,4.867,16028
2073-08-13,4.86,4.865,4.78,4.832,23267
2073-08-14,4.835,4.9,4.83,4.852,26309
2073-08-15,4.88,4.9,4.825,4.898,12444
2073-08-16,4.89,4.905,4.85,4.855,9347
2073-08-17,4.855,4.89,4.815,4.888,7011
2073-08-18,4.888,5.005,4.86,4.95,15889
2073-08-19,4.95,4.96,4.92,4.955,15889
2073-08-20,4.935,4.985,4.915,4.98,6069
2073-08-21,4.985,5.07,4.97,5.058,9742
2073-08-22,5.065,5.1,5.035,5.05,9419
2073-08-23,5.09,5.09,5.07,5.07,12742
2073-08-24,5.09,5.125,5.04,5.065,7238
2073-08-25,5.065,5.155,5.065,5.118,10097
2073-08-26,5.12,5.13,5.01,5.033,13537
2073-08-27,5.03,5.045,4.96,5.005,9998
2073-08-28,5.005,5.02,4.985,5.005,2661
2073-08-29,5.01,5.12,5.01,5.078,9806
2073-08-30,5.09,5.115,5.04,5.045,7017
2073-08-31,5.04,5.045,4.87,4.883,24294
2073-09-01,4.895,4.915,4.81,4.86,18076
2073-09-02,4.865,4.89,4.82,4.855,13573
2073-09-03,4.855,4.86,4.595,4.665,26625
2073-09-04,4.67,4.695,4.62,4.64,10625
2073-09-05,4.645,4.695,4.63,4.658,8487
2073-09-06,4.598,4.69,4.57,4.598,9926
2073-09-07,4.6,4.615,4.54,4.583,10439
2073-09-08,4.61,4.635,4.575,4.593,10381
2073-09-09,4.605,4.675,4.6,4.633,5529
2073-09-10,4.635,4.655,4.6,4.613,4880
2073-09-11,4.66,4.705,4.62,4.675,8401
2073-09-12,4.685,4.695,4.625,4.638,6603
2073-09-13,4.635,4.68,4.615,4.67,5314
2073-09-14,4.68,4.735,4.58,4.593,10540
2073-09-15,4.595,4.625,4.575,4.58,4806
2073-09-16,4.58,4.67,4.45,4.458,17475
2073-09-17,4.46,4.505,4.46,4.483,12720
2073-09-18,4.5,4.52,4.39,4.405,15364
2073-09-19,4.405,4.465,4.405,4.437,7594
2073-09-20,4.44,4.465,4.415,4.42,5588
2073-09-21,4.42,4.49,4.38,4.465,10263
2073-09-22,4.47,4.48,4.38,4.423,9327
2073-09-23,4.42,4.455,4.42,4.438,5520
2073-09-24,4.44,4.525,4.42,4.503,9901
2073-09-25,4.515,4.54,4.485,4.498,5374
2073-09-26,4.525,4.585,4.52,4.557,9041
2073-09-27,4.48,4.52,4.47,4.485,6932
2073-09-28,4.495,4.505,4.455,4.495,3776
2073-09-29,4.505,4.57,4.495,4.545,8802
2073-09-30,4.555,4.58,4.53,4.54,5312
2073-10-01,4.55,4.62,4.545,4.603,6991
2073-10-02,4.603,4.605,4.525,4.578,6786
2073-10-03,4.565,4.6,4.525,4.598,6955
2073-10-04,4.6,4.665,4.585,4.64,11113
2073-10-05,4.625,4.695,4.625,4.66,10522
2073-10-06,4.67,4.69,4.625,4.65,7060
2073-10-07,4.66,4.685,4.6,4.648,5631
2073-10-08,4.635,4.72,4.62,4.67,10553
2073-10-09,4.66,4.68,4.58,4.6,10566
2073-10-10,4.6,4.61,4.5,4.525,14428
2073-10-11,4.515,4.545,4.49,4.505,6833
2073-10-12,4.515,4.585,4.515,4.548,5879
2073-10-13,4.55,4.555,4.48,4.488,8738
2073-10-14,4.485,4.515,4.475,4.485,5655
2073-10-15,4.5,4.525,4.47,4.485,4395
2073-10-16,4.485,4.495,4.445,4.49,6611
2073-10-17,4.5,4.52,4.445,4.45,5231
2073-10-18,4.45,4.465,4.365,4.373,18823
2073-10-19,4.37,4.4,4.32,4.35,11746
2073-10-20,4.345,4.385,4.28,4.285,11636
2073-10-21,4.295,4.345,4.28,4.32,8032
2073-10-22,4.305,4.34,4.285,4.323,6522
2073-10-23,4.315,4.39,4.31,4.37,6635
2073-10-24,4.375,4.38,4.33,4.345,6589
2073-10-25,4.34,4.375,4.335,4.36,3060
2073-10-26,4.36,4.385,4.315,4.352,8027
2073-10-27,4.35,4.44,4.345,4.412,11406
2073-10-28,4.42,4.435,4.39,4.407,5029
2073-10-29,4.405,4.41,4.335,4.362,7230
2073-10-30,4.375,4.425,4.365,4.407,4926
2073-10-31,4.41,4.435,4.4,4.412,3720
2073-11-01,4.425,4.525,4.42,4.51,18909
2073-11-02,4.5,4.54,4.455,4.485,12549
2073-11-03,4.48,4.52,4.465,4.505,9360
2073-11-04,4.5,4.575,4.485,4.49,9108
2073-11-05,4.49,4.505,4.435,4.487,5009
2073-11-06,4.485,4.515,4.485,4.495,4741
2073-11-07,4.495,4.5,4.465,4.483,2739
2073-11-08,4.485,4.57,4.485,4.55,16581
2073-11-09,4.55,4.605,4.52,4.532,13451
2073-11-10,4.57,4.62,4.55,4.6,7614
2073-11-11,4.6,4.63,4.525,4.56,15128
2073-11-12,4.565,4.58,4.535,4.562,5505
2073-11-13,4.57,4.59,4.535,4.575,4842
2073-11-14,4.58,4.59,4.525,4.537,6168
2073-11-15,4.54,4.57,4.54,4.547,6841
2073-11-16,4.55,4.555,4.525,4.535,13879
2073-11-17,4.535,4.55,4.43,4.468,22211
2073-11-18,4.465,4.55,4.46,4.543,12621
2073-11-19,4.535,4.535,4.455,4.473,21430
2073-11-20,4.475,4.49,4.425,4.433,13830
2073-11-21,4.46,4.465,4.43,4.435,16328
2073-11-22,4.455,4.46,4.415,4.442,6303
2073-11-23,4.44,4.56,4.44,4.552,14757
2073-11-24,4.55,4.605,4.54,4.577,10766
2073-11-25,4.57,4.67,4.565,4.64,16514
2073-11-26,4.64,4.69,4.6,4.65,11495
2073-11-27,4.64,4.655,4.555,4.615,10144
2073-11-28,4.61,4.64,4.59,4.623,8236
2073-11-29,4.645,4.68,4.615,4.67,7551
2073-11-30,4.68,4.79,4.66,4.725,12035
2073-12-01,4.72,4.73,4.605,4.632,9215
2073-12-02,4.63,4.68,4.615,4.655,4812
2073-12-03,4.66,4.715,4.645,4.705,5029
2073-12-04,4.705,4.735,4.68,4.723,8886
2073-12-05,4.73,4.755,4.665,4.673,10759
2073-12-06,4.68,4.82,4.65,4.812,14825
2073-12-07,4.79,4.835,4.75,4.823,17461
2073-12-08,4.823,4.92,4.78,4.903,21814
2073-12-09,4.9,4.945,4.89,4.91,11949
2073-12-10,4.925,4.925,4.785,4.815,15721
2073-12-11,4.815,4.885,4.77,4.867,16074
2073-12-12,4.87,4.89,4.815,4.855,10743
2073-12-13,4.855,4.885,4.82,4.873,10532
2073-12-14,4.87,4.87,4.795,4.84,6347
2073-12-15,4.835,4.845,4.735,4.765,14779
2073-12-16,4.76,4.805,4.72,4.78,8843
2073-12-17,4.775,4.85,4.765,4.835,8134
2073-12-18,4.82,4.87,4.82,4.848,10246
2073-12-19,4.845,4.905,4.78,4.785,20436
2073-12-20,4.785,4.95,4.76,4.885,19895
2073-12-21,4.885,4.93,4.78,4.835,15365
2073-12-22,4.835,4.88,4.805,4.875,7423
2073-12-23,4.875,4.895,4.8,4.805,10087
2073-12-24,4.8,4.92,4.78,4.87,16127
2073-12-25,4.875,4.91,4.835,4.86,9221
2073-12-26,4.86,4.88,4.81,4.835,8143
2073-12-27,4.84,4.93,4.835,4.918,13290
2073-12-28,4.915,4.98,4.735,4.768,23723
2073-12-29,4.785,4.815,4.66,4.68,25094
2073-12-30,4.68,4.735,4.63,4.65,15219
2073-12-31,4.66,4.685,4.585,4.6,14386
2074-01-01,4.6,4.615,4.535,4.57,18046
2074-01-02,4.58,4.595,4.495,4.507,15113
2074-01-03,4.515,4.565,4.485,4.533,17603
2074-01-04,4.54,4.565,4.5,4.535,9453
2074-01-05,4.51,4.595,4.5,4.555,9185
2074-01-06,4.555,4.63,4.545,4.625,12223
2074-01-07,4.625,4.68,4.605,4.662,13498
2074-01-08,4.66,4.675,4.61,4.665,10471
2074-01-09,4.665,4.725,4.65,4.715,15051
2074-01-10,4.72,4.735,4.61,4.642,22436
2074-01-11,4.635,4.665,4.61,4.655,14022
2074-01-12,4.67,4.685,4.57,4.575,11810
2074-01-13,4.575,4.66,4.55,4.6,17157
2074-01-14,4.415,4.43,4.34,4.353,9530
2074-01-15,4.36,4.395,4.355,4.368,13080
2074-01-16,4.37,4.43,4.35,4.393,6791
2074-01-17,4.4,4.415,4.38,4.398,13469
2074-01-18,4.4,4.415,4.365,4.393,5633
2074-01-19,4.39,4.46,4.36,4.433,10935
2074-01-20,4.445,4.475,4.43,4.465,9671
2074-01-21,4.465,4.47,4.415,4.437,5020
2074-01-22,4.44,4.445,4.35,4.402,6104
2074-01-23,4.4,4.435,4.365,4.413,8398
2074-01-24,4.415,4.43,4.39,4.415,7194
2074-01-25,4.405,4.435,4.38,4.423,3272
2074-01-26,4.425,4.53,4.41,4.478,4466
2074-01-27,4.48,4.5,4.435,4.483,13677
2074-01-28,4.48,4.495,4.455,4.49,7762
2074-01-29,4.48,4.5,4.45,4.493,5639
2074-01-30,4.485,4.545,4.475,4.538,4887
2074-01-31,4.535,4.545,4.51,4.523,9764
2074-02-01,4.52,4.53,4.45,4.485,5560
2074-02-02,4.475,4.495,4.46,4.47,11239
2074-02-03,4.475,4.55,4.465,4.535,4055
2074-02-04,4.53,4.605,4.53,4.597,9491
2074-02-05,4.59,4.665,4.57,4.625,15125
2074-02-06,4.62,4.66,4.6,4.645,26918
2074-02-07,4.635,4.655,4.62,4.632,14800
2074-02-08,4.625,4.645,4.535,4.58,18402
2074-02-09,4.59,4.6,4.56,4.565,18245
2074-02-10,4.57,4.67,4.565,4.652,13733
2074-02-11,4.66,4.78,4.65,4.775,9587
2074-02-12,4.77,4.825,4.74,4.797,22034
2074-02-13,4.795,4.825,4.77,4.815,18091
2074-02-14,4.825,4.835,4.77,4.8,7538
2074-02-15,4.8,4.815,4.715,4.742,11031
2074-02-16,4.742,4.815,4.73,4.802,9995
2074-02-17,4.805,4.815,4.77,4.8,8983
2074-02-18,4.795,4.91,4.77,4.872,5006
2074-02-19,4.865,4.875,4.82,4.825,14932
2074-02-20,4.83,4.89,4.82,4.872,5847
2074-02-21,4.875,4.89,4.76,4.78,10223
2074-02-22,4.78,4.845,4.77,4.79,13050
2074-02-23,4.795,4.87,4.795,4.82,6934
2074-02-24,4.83,4.865,4.755,4.772,7638
2074-02-25,4.775,4.8,4.7,4.725,11496
2074-02-26,4.725,4.76,4.65,4.662,10893
2074-02-27,4.66,4.69,4.625,4.647,12350
2074-02-28,4.66,4.71,4.62,4.625,7065
2074-03-01,4.625,4.645,4.58,4.64,10103
2074-03-02,4.61,4.64,4.54,4.575,9847
2074-03-03,4.58,4.59,4.51,4.533,14545
2074-03-04,4.54,4.565,4.495,4.508,12466
2074-03-05,4.515,4.53,4.5,4.51,10540
2074-03-06,4.52,4.545,4.48,4.5,9045
2074-03-07,4.495,4.51,4.475,4.5,8210
2074-03-08,4.51,4.59,4.505,4.545,11442
2074-03-09,4.54,4.56,4.485,4.518,14068
2074-03-10,4.52,4.53,4.455,4.47,6834
2074-03-11,4.62,4.64,4.595,4.61,8838
2074-03-12,4.61,4.62,4.53,4.558,9441
2074-03-13,4.555,4.59,4.51,4.57,13298
2074-03-14,4.57,4.581,4.52,4.528,13298
2074-03-15,4.53,4.565,4.505,4.558,5312
2074-03-16,4.56,4.565,4.49,4.515,10757
2074-03-17,4.51,4.58,4.495,4.565,17184
2074-03-18,4.555,4.555,4.5,4.523,17711
2074-03-19,4.535,4.56,4.51,4.518,11812
2074-03-20,4.52,4.57,4.51,4.568,11249
2074-03-21,4.565,4.61,4.555,4.585,5846
2074-03-22,4.58,4.68,4.575,4.645,7140
2074-03-23,4.65,4.705,4.63,4.693,15937
2074-03-24,4.69,4.75,4.67,4.738,9561
2074-03-25,4.73,4.775,4.695,4.745,12164
2074-03-26,4.745,4.835,4.735,4.825,15552
2074-03-27,4.82,4.895,4.795,4.815,14705
2074-03-28,4.815,4.845,4.765,4.805,22154
2074-03-29,4.805,4.825,4.77,4.797,9364
2074-03-30,4.8,4.8,4.65,4.658,6768
2074-03-31,4.66,4.705,4.645,4.663,17552
2074-04-01,4.66,4.705,4.655,4.678,7355
2074-04-02,4.675,4.74,4.63,4.73,5655
2074-04-03,4.72,4.79,4.715,4.75,8949
2074-04-04,4.745,4.805,4.745,4.79,9495
2074-04-05,4.79,5.1,4.79,5.07,7896
2074-04-06,5.055,5.17,5.01,5.11,40270
2074-04-07,5.11,5.11,5.015,5.075,38609
2074-04-08,5.075,5.23,5.045,5.195,16690
2074-04-09,5.17,5.18,5.035,5.165,20419
2074-04-10,5.155,5.16,5.035,5.06,16984
2074-04-11,5.07,5.23,5.045,5.12,15835
2074-04-12,5.125,5.175,5.06,5.097,26648
2074-04-13,5.085,5.11,4.955,5.02,12987
2074-04-14,5.03,5.045,4.91,4.94,14490
2074-04-15,4.94,4.985,4.91,4.97,14786
2074-04-16,4.97,5.09,4.91,5.038,6879
2074-04-17,5.045,5.07,4.96,4.992,15769
2074-04-18,4.99,5.015,4.925,5,12845
2074-04-19,5.01,5.02,4.82,4.862,10855
2074-04-20,4.86,5.04,4.85,5.03,28083
2074-04-21,5.025,5.075,4.995,5.035,17747
2074-04-22,5.025,5.045,4.88,4.927,17747
2074-04-23,4.935,4.95,4.885,4.927,9094
2074-04-24,4.93,5.025,4.92,4.995,8157
2074-04-25,5.005,5.03,4.96,5.022,12134
2074-04-26,5.01,5.045,4.92,4.945,14397
2074-04-27,4.935,5.02,4.925,4.997,10980
2074-04-28,4.99,5.015,4.975,4.992,12176
2074-04-29,4.99,5.005,4.94,5.002,18270
2074-04-30,5.005,5.16,4.99,5.131,20481
2074-05-01,5.15,5.165,5.09,5.15,27836
2074-05-02,5.15,5.195,5.12,5.132,13653
2074-05-03,5.135,5.19,4.97,5.01,10461
2074-05-04,5.01,5.09,4.99,5.08,22873
2074-05-05,5.08,5.09,5.02,5.035,10253
2074-05-06,5.02,5.185,5.02,5.15,4265
2074-05-07,5.15,5.155,5.085,5.107,16028
2074-05-08,5.1,5.305,5.1,5.265,5954
2074-05-09,5.205,5.24,5.175,5.23,12977
2074-05-10,5.23,5.305,5.2,5.292,10111
2074-05-11,5.292,5.375,5.195,5.265,11562
2074-05-12,5.27,5.335,5.235,5.292,20594
2074-05-13,5.285,5.37,5.245,5.275,9848
2074-05-14,5.28,5.305,5.18,5.245,9869
2074-05-15,5.245,5.34,5.225,5.31,13626
2074-05-16,5.335,5.395,5.21,5.222,11954
2074-05-17,5.225,5.245,5.135,5.145,24790
2074-05-18,5.155,5.22,5.07,5.075,20274
2074-05-19,5.09,5.19,5.08,5.142,19345
2074-05-20,5.155,5.165,5.075,5.105,15099
2074-05-21,5.11,5.14,5.075,5.1,15921
2074-05-22,5.105,5.14,4.82,4.835,7600
2074-05-23,4.855,4.905,4.745,4.815,47185
2074-05-24,4.815,4.89,4.805,4.88,31544
2074-05-25,4.88,4.92,4.855,4.87,11675
2074-05-26,4.875,4.91,4.77,4.842,7719
2074-05-27,4.845,4.925,4.84,4.91,17522
2074-05-28,4.915,4.985,4.865,4.98,11081
2074-05-29,4.97,4.975,4.885,4.932,12961
2074-05-30,4.93,4.965,4.86,4.947,11176
2074-05-31,4.95,4.975,4.89,4.922,10979
2074-06-01,4.93,4.98,4.89,4.94,5244
2074-06-02,4.94,5.03,4.93,5.005,8478
2074-06-03,5.005,5.09,4.99,5.068,11587
2074-06-04,5.068,5.155,5.055,5.135,16666
2074-06-05,5.135,5.19,5.105,5.172,16849
2074-06-06,5.165,5.22,5.15,5.165,15193
2074-06-07,5.17,5.21,5.11,5.192,15088
2074-06-08,5.19,5.19,5.09,5.097,7501
2074-06-09,5.1,5.19,5.07,5.142,9771
2074-06-10,5.145,5.21,5.115,5.135,15635
2074-06-11,5.14,5.205,5.015,5.065,11386
2074-06-12,5.065,5.09,4.92,4.927,23804
2074-06-13,4.93,5.06,4.93,5.03,19349
2074-06-14,5.045,5.07,4.975,4.985,12142
2074-06-15,5,5.01,4.95,4.957,10084
2074-06-16,4.955,5.06,4.935,5.058,8966
2074-06-17,5.055,5.1,5.035,5.09,15179
2074-06-18,5.09,5.1,5.04,5.067,6532
2074-06-19,5.07,5.345,5.065,5.335,6825
2074-06-20,5.32,5.37,5.27,5.295,37233
2074-06-21,5.295,5.43,5.275,5.415,17515
2074-06-22,5.4,5.43,5.14,5.227,18910
2074-06-23,5.23,5.38,5.22,5.367,29589
2074-06-24,5.365,5.415,5.25,5.27,18167
2074-06-25,5.27,5.35,5.235,5.262,16463
2074-06-26,5.265,5.325,5.24,5.295,17390
2074-06-27,5.295,5.305,5.19,5.245,24365
2074-06-28,5.25,5.335,5.19,5.298,32784
2074-06-29,5.315,5.415,5.31,5.382,28810
2074-06-30,6.715,7.03,6.68,6.945,17894
2074-07-01,6.95,7,6.7,6.725,20567
2074-07-02,6.72,6.855,6.555,6.752,18542
2074-07-03,6.765,6.87,6.71,6.768,21915
2074-07-04,6.77,7,6.75,6.99,11043
2074-07-05,6.985,7.07,6.89,6.99,17475
2074-07-06,7,7.2,6.92,7.18,10561
2074-07-07,7.14,7.21,7.125,7.167,8695
2074-07-08,7.17,7.275,7.12,7.26,10209
2074-07-09,7.26,7.48,7.24,7.465,13632
2074-07-10,7.46,7.72,7.4,7.563,21735
2074-07-11,7.565,7.765,7.515,7.628,19995
2074-07-12,7.63,7.72,7.565,7.708,10875
2074-07-13,7.715,7.785,7.575,7.65,10762
2074-07-14,7.6,7.65,7.48,7.602,18863
2074-07-15,7.595,7.81,7.52,7.717,15255
2074-07-16,7.72,7.755,7.605,7.625,14516
2074-07-17,7.62,7.795,7.61,7.775,7829
2074-07-18,7.78,7.95,7.775,7.945,11140
2074-07-19,7.93,8.21,7.905,8.148,17817
2074-07-20,8.15,8.5,7.935,8.155,21492
2074-07-21,8.185,8.345,8.02,8.117,27570
2074-07-22,8.115,8.275,8.105,8.22,16836
2074-07-23,8.22,8.285,8.07,8.19,13290
2074-07-24,8.19,8.265,8.035,8.09,14718
2074-07-25,8.125,8.2,7.82,8.03,14826
2074-07-26,8.035,8.045,7.35,7.45,16249
2074-07-27,7.45,7.46,6.83,7.005,37006
2074-07-28,7.03,7.15,6.85,7.078,42405
2074-07-29,7.095,7.24,7.03,7.145,10324
2074-07-30,7.165,7.3,7.16,7.21,13863
2074-07-31,7.21,7.23,6.895,6.945,10200
2074-08-01,6.94,6.95,6.14,6.17,17891
2074-08-02,6.145,6.265,6,6.028,39836
2074-08-03,6.05,6.205,6.05,6.163,31034
2074-08-04,6.18,6.245,6.15,6.173,19753
2074-08-05,6.18,6.3,6.175,6.235,16361
2074-08-06,6.235,6.29,5.825,5.867,25134
2074-08-07,5.88,5.99,5.555,5.838,29651
2074-08-08,5.85,6.15,5.85,6.09,37211
2074-08-09,6.165,6.165,5.86,6.028,18906
2074-08-10,6.04,6.175,6.01,6.048,11611
2074-08-11,6.09,6.17,6.03,6.115,15224
2074-08-12,6.13,6.14,5.77,5.83,9644
2074-08-13,5.82,5.915,5.585,5.6,16140
2074-08-14,5.595,5.775,5.455,5.765,19413
2074-08-15,5.78,5.83,5.5,5.523,12162
2074-08-16,5.56,5.73,5.555,5.565,14543
2074-08-17,5.58,5.65,5.51,5.615,13423
2074-08-18,5.615,5.75,5.56,5.728,11750
2074-08-19,5.735,5.905,5.635,5.675,8934
2074-08-20,5.685,5.775,5.625,5.68,19628
2074-08-21,5.665,5.94,5.66,5.927,8958
2074-08-22,5.93,5.93,5.77,5.78,15399
2074-08-23,5.78,5.96,5.78,5.87,7384
2074-08-24,5.885,6.02,5.785,5.997,10370
2074-08-25,6.01,6.11,5.96,6.085,9897
2074-08-26,6.085,6.17,6.01,6.055,13286
2074-08-27,6.055,6.22,6.055,6.195,10471
2074-08-28,6.2,6.25,6.03,6.11,12424
2074-08-29,6.145,6.2,6.04,6.055,11195
2074-08-30,6.06,6.125,5.8,5.838,14801
2074-08-31,5.81,5.88,5.715,5.735,16933
2074-09-01,5.735,5.835,5.65,5.81,11569
2074-09-02,5.82,5.925,5.81,5.9,9978
2074-09-03,5.895,5.945,5.74,5.77,9566
2074-09-04,5.65,5.77,5.63,5.735,9496
2074-09-05,5.74,5.775,5.635,5.725,10614
2074-09-06,5.73,5.93,5.71,5.925,10196
2074-09-07,5.925,6.045,5.86,5.983,13931
2074-09-08,5.98,6.05,5.74,5.86,12014
2074-09-09,5.875,5.925,5.795,5.867,15708
2074-09-10,5.86,5.935,5.83,5.875,17062
2074-09-11,5.875,6.2,5.86,6.175,12353
2074-09-12,6.169,6.19,6.09,6.127,26302
2074-09-13,6.12,6.195,5.88,5.898,16989
2074-09-14,5.945,5.97,5.815,5.873,19860
2074-09-15,5.865,6.015,5.73,5.795,22251
2074-09-16,5.83,5.975,5.82,5.953,17618
2074-09-17,5.965,6.08,5.835,6.015,10299
2074-09-18,6.01,6.08,5.89,5.98,11353
2074-09-19,5.985,6.16,5.985,6.125,10327
2074-09-20,6.13,6.47,6.105,6.435,10922
2074-09-21,6.415,6.57,6.375,6.475,28647
2074-09-22,6.5,6.585,6.45,6.542,14401
2074-09-23,6.542,6.545,6.28,6.392,9431
2074-09-24,6.4,6.625,6.39,6.612,15205
2074-09-25,6.615,6.695,6.54,6.663,17019
2074-09-26,6.66,6.76,6.6,6.725,14213
2074-09-27,6.705,6.78,6.565,6.6,10331
2074-09-28,6.595,6.655,6.445,6.612,9668
2074-09-29,6.615,6.615,6.34,6.41,13013
2074-09-30,6.415,6.51,6.35,6.428,15773
2074-10-01,6.445,6.445,6.24,6.345,8207
2074-10-02,6.345,6.365,6.165,6.245,13558
2074-10-03,6.245,6.3,6.16,6.247,12540
2074-10-04,6.25,6.385,6.11,6.373,11348
2074-10-05,6.37,6.41,6.235,6.355,16653
2074-10-06,6.365,6.65,6.34,6.56,11059
2074-10-07,6.585,6.705,6.54,6.62,20190
2074-10-08,6.605,6.695,6.48,6.685,9356
2074-10-09,6.69,6.83,6.575,6.737,14059
2074-10-10,6.73,6.765,6.64,6.75,14012
2074-10-11,6.75,6.9,6.68,6.775,10277
2074-10-12,6.755,6.78,6.58,6.737,14170
2074-10-13,6.7,6.825,6.685,6.722,9136
2074-10-14,6.72,6.745,6.46,6.527,8105
2074-10-15,6.52,6.65,6.49,6.557,16658
2074-10-16,6.59,6.665,6.49,6.625,9215
2074-10-17,6.635,6.785,6.635,6.737,9482
2074-10-18,6.737,6.785,6.66,6.73,7989
2074-10-19,6.74,6.88,6.63,6.837,8650
2074-10-20,6.845,6.94,6.805,6.82,13614
2074-10-21,6.82,7.01,6.775,6.87,15993
2074-10-22,6.87,6.87,6.665,6.745,19928
2074-10-23,6.745,6.75,6.54,6.577,15975
2074-10-24,6.575,6.67,6.55,6.613,20785
2074-10-25,6.635,6.7,6.575,6.678,18705
2074-10-26,6.68,6.73,6.57,6.588,13951
2074-10-27,6.63,6.865,6.625,6.747,17198
2074-10-28,6.76,6.83,6.705,6.812,20267
2074-10-29,6.8,6.85,6.74,6.83,10627
2074-10-30,6.81,6.855,6.75,6.81,7266
2074-10-31,6.82,6.83,6.5,6.59,6712
2074-11-01,6.605,6.625,6.205,6.235,16697
2074-11-02,6.235,6.28,6.1,6.212,30338
2074-11-03,6.22,6.28,6.115,6.188,19714
2074-11-04,6.19,6.255,6.15,6.165,14276
2074-11-05,6.175,6.26,6.07,6.215,12708
2074-11-06,6.25,6.31,6.21,6.23,12515
2074-11-07,6.24,6.325,6.17,6.3,11079
2074-11-08,6.295,6.355,6.26,6.318,9805
2074-11-09,6.315,6.325,6.21,6.288,8069
2074-11-10,6.288,6.295,6.225,6.28,6568
2074-11-11,6.28,6.4,6.265,6.373,3709
2074-11-12,6.365,6.405,6.275,6.375,9430
2074-11-13,6.375,6.49,6.365,6.47,8354
2074-11-14,6.47,6.51,6.395,6.425,12714
2074-11-15,6.42,6.57,6.395,6.55,10242
2074-11-16,6.55,6.68,6.535,6.61,13121
2074-11-17,6.61,6.75,6.57,6.695,11026
2074-11-18,6.69,6.98,6.665,6.938,17267
2074-11-19,6.955,7,6.88,6.943,29979
2074-11-20,6.935,6.985,6.72,6.765,15870
2074-11-21,6.78,7.135,6.72,7.102,15213
2074-11-22,7.1,7.28,7.085,7.245,23292
2074-11-23,7.245,7.3,7.165,7.217,25870
2074-11-24,7.21,7.34,7.17,7.295,13662
2074-11-25,7.24,7.265,6.96,7.055,6577
2074-11-26,7.07,7.08,6.8,6.9,20639
2074-11-27,6.95,7.11,6.95,7.055,23220
2074-11-28,7.06,7.17,7.03,7.11,14339
2074-11-29,7.1,7.11,6.97,6.987,13307
2074-11-30,6.985,7.21,6.91,7.195,11063
2074-12-01,7.2,7.385,7.15,7.352,13238
2074-12-02,7.34,7.42,7.195,7.31,21816
2074-12-03,7.31,7.37,7.2,7.333,19011
2074-12-04,7.37,7.53,7.35,7.38,11188
2074-12-05,7.367,7.39,7.25,7.34,10998
2074-12-06,7.35,7.445,7.17,7.202,12427
2074-12-07,7.2,7.25,7.06,7.192,18231
2074-12-08,7.18,7.33,7.12,7.305,16411
2074-12-09,7.34,7.38,7.235,7.33,14016
2074-12-10,7.31,7.33,6.92,7.02,10618
2074-12-11,7.025,7.19,6.985,7.158,22638
2074-12-12,7.15,7.49,7.15,7.383,12985
2074-12-13,7.375,7.52,7.28,7.505,25836
2074-12-14,7.52,7.58,7.42,7.487,22888
2074-12-15,7.495,7.585,7.435,7.535,12143
2074-12-16,7.52,7.555,7.36,7.42,12491
2074-12-17,7.405,7.49,7.405,7.477,19197
2074-12-18,7.49,7.67,7.435,7.622,5714
2074-12-19,7.62,7.66,7.495,7.572,13787
2074-12-20,7.555,7.63,7.48,7.592,11215
2074-12-21,7.58,7.68,7.55,7.665,15847
2074-12-22,7.66,7.75,7.51,7.552,14957
2074-12-23,7.56,7.65,7.5,7.6,20760
2074-12-24,7.6,7.66,7.565,7.572,19944
2074-12-25,7.57,7.615,7.505,7.555,22669
2074-12-26,7.58,7.63,7.54,7.613,44161
2074-12-27,7.69,7.855,7.66,7.825,16371
2074-12-28,7.82,7.87,7.71,7.777,33716
2074-12-29,7.77,8.13,7.765,8.08,14021
2074-12-30,8.09,8.235,7.915,7.96,24614
2074-12-31,7.96,8.09,7.84,8.043,27586
2075-01-01,8.08,8.08,7.935,7.963,16471
2075-01-02,7.965,7.98,7.86,7.885,10002
2075-01-03,7.89,7.89,7.03,7.145,9668
2075-01-04,7.16,7.22,6.62,6.8,47336
2075-01-05,6.8,6.865,6.64,6.743,37254
2075-01-06,6.74,6.93,6.74,6.83,21247
2075-01-07,6.86,6.9,6.68,6.755,16907
2075-01-08,6.76,6.955,6.735,6.88,12537
2075-01-09,6.91,6.97,6.7,6.727,12537
2075-01-10,6.72,6.82,6.665,6.803,18477
2075-01-11,6.815,6.955,6.815,6.865,12668
2075-01-12,6.87,6.935,6.83,6.927,11941
2075-01-13,6.925,6.965,6.82,6.835,10392
2075-01-14,6.85,6.975,6.835,6.915,8752
2075-01-15,6.945,7.09,6.935,7.005,7646
2075-01-16,7.01,7.075,6.96,7.058,7799
2075-01-17,7.05,7.06,6.8,6.827,8046
2075-01-18,6.835,6.885,6.8,6.837,13225
2075-01-19,6.84,6.84,6.49,6.507,6132
2075-01-20,6.52,6.545,6.35,6.452,19991
2075-01-21,6.46,6.59,6.41,6.535,17663
2075-01-22,6.54,6.565,6.41,6.455,13661
2075-01-23,6.46,6.595,6.39,6.448,11649
2075-01-24,6.45,6.5,6.42,6.45,14731
2075-01-25,6.46,6.67,6.45,6.638,15321
2075-01-26,6.65,6.75,6.6,6.743,15636
2075-01-27,6.73,6.775,6.68,6.745,11199
2075-01-28,6.75,6.775,6.58,6.595,9538
2075-01-29,6.595,6.68,6.565,6.655,10999
2075-01-30,6.65,6.745,6.605,6.625,6862
2075-01-31,6.62,6.64,6.47,6.558,9257
2075-02-01,6.565,6.83,6.55,6.812,11443
2075-02-02,6.805,6.89,6.79,6.86,18683
2075-02-03,6.855,6.87,6.68,6.685,11313
2075-02-04,6.7,6.85,6.695,6.805,13788
2075-02-05,6.805,6.835,6.725,6.82,13012
2075-02-06,6.82,6.88,6.75,6.795,10336
2075-02-07,6.785,6.79,6.62,6.747,11423
2075-02-08,6.755,6.78,6.68,6.73,15136
2075-02-09,6.735,6.82,6.72,6.75,8882
2075-02-10,6.75,6.78,6.59,6.677,10309
2075-02-11,6.675,6.71,6.605,6.635,12199
2075-02-12,6.63,6.7,6.54,6.555,7565
2075-02-13,6.56,6.6,6.49,6.557,12409
2075-02-14,6.555,6.61,6.495,6.59,14302
2075-02-15,6.6,6.98,6.57,6.965,12628
2075-02-16,6.96,7.24,6.945,7.21,32050
2075-02-17,7.195,7.35,7.195,7.34,31652
2075-02-18,7.34,7.405,7.21,7.36,20569
2075-02-19,7.335,7.36,7.115,7.255,25507
2075-02-20,7.27,7.43,7.175,7.37,22660
2075-02-21,7.35,7.455,7.32,7.417,18627
2075-02-22,7.39,7.57,7.365,7.52,13424
2075-02-23,7.53,7.56,7.275,7.443,22798
2075-02-24,7.43,7.495,7.285,7.383,29180
2075-02-25,7.42,7.42,7.23,7.337,25059
2075-02-26,7.325,7.495,7.29,7.395,16876
2075-02-27,7.39,7.39,7.21,7.265,14041
2075-02-28,7.27,7.38,7.1,7.343,15122
2075-03-01,7.335,7.38,7.24,7.265,13153
2075-03-02,7.26,7.435,7.19,7.385,17192
2075-03-03,7.39,7.465,7.34,7.395,7750
2075-03-04,7.4,7.61,7.395,7.538,15706
2075-03-05,7.54,7.68,7.46,7.64,15382
2075-03-06,7.645,7.67,7.495,7.527,14527
2075-03-07,7.54,7.62,7.43,7.57,22602
2075-03-08,7.555,7.565,7.375,7.41,15889
2075-03-09,7.41,7.53,7.3,7.407,15760
2075-03-10,7.4,7.485,7.39,7.452,11974
2075-03-11,7.452,7.495,7.34,7.407,13469
2075-03-12,7.42,7.42,7.285,7.397,13579
2075-03-13,7.4,7.405,7.065,7.112,22391
2075-03-14,7.12,7.165,7.05,7.078,11498
2075-03-15,7.085,7.1,6.91,6.985,18824
2075-03-16,6.975,7.02,6.915,6.938,13211
2075-03-17,6.94,6.965,6.83,6.91,16257
2075-03-18,6.915,7.02,6.9,6.982,9292
2075-03-19,6.985,7.17,6.97,7.147,16738
2075-03-20,7.145,7.225,7.11,7.18,14257
2075-03-21,7.185,7.19,6.955,7,18145
2075-03-22,7,7.045,6.92,7.024,9507
2075-03-23,7.035,7.095,6.96,7.043,8571
2075-03-24,7.04,7.155,7.03,7.12,11009
2075-03-25,7.12,7.175,7.06,7.075,9239
2075-03-26,7.07,7.17,7.015,7.165,11805
2075-03-27,7.165,7.3,7.135,7.255,14608
2075-03-28,7.255,7.31,7.1,7.155,12994
2075-03-29,7.15,7.27,7.07,7.225,17064
2075-03-30,7.22,7.23,7.01,7.06,16290
2075-03-31,7.04,7.095,6.98,7.022,12329
2075-04-01,7.025,7.09,6.95,7.045,10849
2075-04-02,7.045,7.265,7.01,7.25,20576
2075-04-03,7.23,7.36,7.2,7.337,17951
2075-04-04,7.335,7.345,7.19,7.217,19875
2075-04-05,7.215,7.335,7.21,7.275,11455
2075-04-06,7.275,7.3,7.205,7.26,12136
2075-04-07,7.25,7.32,7.21,7.255,29634
2075-04-08,7.25,7.26,7.085,7.135,23717
2075-04-09,7.19,7.195,6.91,6.948,37673
2075-04-10,6.965,7.06,6.9,6.94,30152
2075-04-11,6.94,6.995,6.81,6.875,21304
2075-04-12,6.875,6.915,6.82,6.883,12694
2075-04-13,6.88,7.05,6.865,7.013,17056
2075-04-14,7.03,7.1,6.985,7.063,19884
2075-04-15,7.06,7.09,6.9,6.965,19042
2075-04-16,6.96,7.12,6.94,7.08,15507
2075-04-17,7.08,7.175,7.04,7.115,13712
2075-04-18,7.115,7.135,7.005,7.095,14126
2075-04-19,7.085,7.09,6.93,6.965,14262
2075-04-20,6.965,6.98,6.88,6.94,9273
2075-04-21,6.94,6.99,6.895,6.958,9485
2075-04-22,6.965,7.085,6.95,7.045,13678
2075-04-23,7.04,7.235,7.03,7.205,23174
2075-04-24,7.205,7.245,7.11,7.14,11730
2075-04-25,7.135,7.16,6.945,6.955,20492
2075-04-26,6.97,7.035,6.95,6.97,8222
2075-04-27,6.97,7.115,6.96,7.003,11012
2075-04-28,7.01,7.155,7,7.138,18518
2075-04-29,7.14,7.24,7.045,7.162,19437
2075-04-30,7.165,7.315,7.12,7.31,26597
2075-05-01,7.31,7.5,7.14,7.452,42252
2075-05-02,7.425,7.61,7.39,7.52,38286
2075-05-03,7.5,7.63,7.47,7.545,20364
2075-05-04,7.545,7.615,7.49,7.51,17456
2075-05-05,7.5,7.62,7.465,7.54,15884
2075-05-06,7.54,7.565,7.42,7.445,17111
2075-05-07,7.455,7.53,7.41,7.475,12585
2075-05-08,7.46,7.46,7.21,7.27,36870
2075-05-09,7.27,7.31,7.155,7.288,7701
2075-05-10,7.28,7.33,7.195,7.265,7988
2075-05-11,7.27,7.315,7.24,7.28,11761
2075-05-12,7.28,7.4,7.27,7.33,13546
2075-05-13,7.33,7.445,7.32,7.37,16443
2075-05-14,7.37,7.44,7.32,7.335,19195
2075-05-15,7.33,7.48,7.265,7.302,19527
2075-05-16,7.3,7.31,7.17,7.292,23633
2075-05-17,7.295,7.32,7.195,7.258,11203
2075-05-18,7.26,7.32,7.19,7.273,26491
2075-05-19,7.275,7.34,7.23,7.28,21018
2075-05-20,7.28,7.3,7.215,7.242,20660
2075-05-21,7.23,7.24,7.09,7.096,26755
2075-05-22,7.135,7.15,7.06,7.105,31136
2075-05-23,7.115,7.2,7.035,7.075,24356
2075-05-24,7.075,7.104,6.85,6.895,35971
2075-05-25,6.945,6.96,6.86,6.87,17229
2075-05-26,6.895,6.995,6.89,6.955,12983
2075-05-27,6.97,7.09,6.96,6.985,14393
2075-05-28,7,7.07,6.94,7.03,12963
2075-05-29,7.02,7.13,7.02,7.105,8917
2075-05-30,7.105,7.18,7.04,7.085,9413
